Manga Series,Author,Country,Start Year,End Year,Genre,Volumes,Status,Demographic
One Piece,Eiichiro Oda,Japan,1997,2026,Adventure,114,Ongoing,Shōnen
Naruto,Masashi Kishimoto,Japan,1999,2014,Action,72,Completed,Shōnen
Bleach,Tite Kubo,Japan,2001,2016,Action,74,Completed,Shōnen
Dragon Ball,Akira Toriyama,Japan,1984,1995,Action,42,Completed,Shōnen
Demon Slayer,Koyoharu Gotouge,Japan,2016,2020,Dark Fantasy,23,Completed,Shōnen
My Hero Academia,Kohei Horikoshi,Japan,2014,2024,Superhero,42,Completed,Shōnen
Jujutsu Kaisen,Gege Akutami,Japan,2018,2024,Dark Fantasy,30,Completed,Shōnen
Attack on Titan,Hajime Isayama,Japan,2009,2021,Dark Fantasy,34,Completed,Shōnen
Death Note,Tsugumi Ohba,Japan,2003,2006,Psychological Thriller,12,Completed,Shōnen
Fullmetal Alchemist,Hiromu Arakawa,Japan,2001,2010,Fantasy,27,Completed,Shōnen
Hunter × Hunter,Yoshihiro Togashi,Japan,1998,2026,Adventure,38,Ongoing,Shōnen
JoJo's Bizarre Adventure,Hirohiko Araki,Japan,1986,2026,Adventure,140,Ongoing,Shōnen
Berserk,Kentaro Miura,Japan,1989,2026,Dark Fantasy,43,Ongoing,Seinen
Vagabond,Takehiko Inoue,Japan,1998,2015,Historical,37,Hiatus,Seinen
Vinland Saga,Makoto Yukimura,Japan,2005,2025,Historical,29,Completed,Seinen
Tokyo Ghoul,Sui Ishida,Japan,2011,2014,Dark Fantasy,14,Completed,Seinen
Chainsaw Man,Tatsuki Fujimoto,Japan,2018,2026,Action,23,Ongoing,Shōnen
Spy × Family,Tatsuya Endo,Japan,2019,2026,Comedy,16,Ongoing,Shōnen
Haikyuu!!,Haruichi Furudate,Japan,2012,2020,Sports,45,Completed,Shōnen
Slam Dunk,Takehiko Inoue,Japan,1990,1996,Sports,31,Completed,Shōnen
Fruits Basket,Natsuki Takaya,Japan,1998,2006,Romance,23,Completed,Shōjo
Nana,Ai Yazawa,Japan,2000,2009,Romance,21,Hiatus,Shōjo
Sailor Moon,Naoko Takeuchi,Japan,1991,1997,Fantasy,18,Completed,Shōjo
Cardcaptor Sakura,CLAMP,Japan,1996,2000,Fantasy,12,Completed,Shōjo
Monster,Naoki Urasawa,Japan,1994,2001,Psychological Thriller,18,Completed,Seinen